metric,value
train_rmse,1.1213032290684528
train_mae,0.9410459469837891
valid_rmse,1.1194246821788247
valid_mae,0.9416186929975251
test_rmse,1.1229734754685274
test_mae,0.9424670536127749
