metric,value
train_rmse,1.1213032532220453
train_mae,0.9410472032538064
valid_rmse,1.1194248718427682
valid_mae,0.941620075675424
test_rmse,1.1229733678663574
test_mae,0.9424680835932371
