metric,value
train_rmse,1.1213031995925118
train_mae,0.941045085674215
valid_rmse,1.1194246045208975
valid_mae,0.9416177548786878
test_rmse,1.1229737409277851
test_mae,0.9424665860257033
