metric,value
train_rmse,1.1213032164451964
train_mae,0.9410451011163465
valid_rmse,1.1194245865447017
valid_mae,0.9416177701683914
test_rmse,1.122973722985936
test_mae,0.9424665290100036
