metric,value
train_rmse,1.12130320200562
train_mae,0.9410450879050315
valid_rmse,1.1194246019511473
valid_mae,0.941617757088435
test_rmse,1.1229737383562386
test_mae,0.9424665778820283
