metric,value
train_rmse,1.1213031993090556
train_mae,0.9410450854118761
valid_rmse,1.1194246048227152
valid_mae,0.9416177546188117
test_rmse,1.1229737412299103
test_mae,0.942466586982047
