metric,value
train_rmse,1.1213032246476564
train_mae,0.9410451082191833
valid_rmse,1.1194245775914515
valid_mae,0.9416177771978554
test_rmse,1.122973714213199
test_mae,0.9424665005764464
